<?xml version="1.0" encoding="UTF-8"?>
<project-private xmlns="http://www.netbeans.org/ns/project-private/1">
    <editor-bookmarks xmlns="http://www.netbeans.org/ns/editor-bookmarks/2" lastBookmarkId="0"/>
    <open-files xmlns="http://www.netbeans.org/ns/projectui-open-files/2">
        <group>
            <file>file:/home/nestor2502/NetBeansProjects/proyecto3/src/proyecto3/Wapuesta1.java</file>
            <file>file:/home/nestor2502/NetBeansProjects/proyecto3/src/proyecto3/Torneo1.java</file>
            <file>file:/home/nestor2502/NetBeansProjects/proyecto3/src/proyecto3/Random.java</file>
            <file>file:/home/nestor2502/NetBeansProjects/proyecto3/src/proyecto3/Ventana1.java</file>
            <file>file:/home/nestor2502/NetBeansProjects/proyecto3/src/proyecto3/Usuario.java</file>
            <file>file:/home/nestor2502/NetBeansProjects/proyecto3/src/proyecto3/Apuesta.java</file>
            <file>file:/home/nestor2502/NetBeansProjects/proyecto3/src/proyecto3/Historial.java</file>
            <file>file:/home/nestor2502/NetBeansProjects/proyecto3/src/proyecto3/TotalObtenido.java</file>
            <file>file:/home/nestor2502/NetBeansProjects/proyecto3/src/proyecto3/Equipos.java</file>
            <file>file:/home/nestor2502/NetBeansProjects/proyecto3/src/proyecto3/HistorialUsuario.java</file>
            <file>file:/home/nestor2502/NetBeansProjects/proyecto3/src/proyecto3/Registro.java</file>
            <file>file:/home/nestor2502/NetBeansProjects/proyecto3/src/proyecto3/Instrucciones.java</file>
        </group>
    </open-files>
</project-private>
